"Tarih","Şimdi","Açılış","Yüksek","Düşük","Hac.","Fark %"
"31.12.2020","89,94","89,61","89,98","89,52","","0,29%"
"30.12.2020","89,68","89,98","89,98","89,56","","-0,35%"
"29.12.2020","89,99","90,21","90,23","89,85","","-0,38%"
"28.12.2020","90,34","90,22","90,38","89,98","","0,02%"
"25.12.2020","90,32","90,33","90,42","90,21","","0,00%"
"24.12.2020","90,32","90,28","90,38","90,15","","-0,10%"
"23.12.2020","90,41","90,52","90,67","90,16","","-0,27%"
"22.12.2020","90,65","90,09","90,72","90,06","","0,68%"
"21.12.2020","90,04","89,92","91,02","89,92","","0,03%"
"18.12.2020","90,02","89,83","90,13","89,83","","0,22%"
"17.12.2020","89,82","90,27","90,27","89,73","","-0,69%"
"16.12.2020","90,45","90,49","90,70","90,13","","-0,03%"
"15.12.2020","90,47","90,69","90,82","90,42","","-0,26%"
"14.12.2020","90,71","90,98","90,98","90,42","","-0,29%"
"11.12.2020","90,98","90,74","91,04","90,62","","0,17%"
"10.12.2020","90,82","91,06","91,15","90,67","","-0,29%"
"09.12.2020","91,09","90,92","91,20","90,69","","0,13%"
"08.12.2020","90,96","90,90","91,02","90,75","","0,19%"
"07.12.2020","90,79","90,81","91,24","90,62","","0,10%"
"04.12.2020","90,70","90,71","90,87","90,48","","-0,01%"
"03.12.2020","90,71","91,06","91,09","90,51","","-0,44%"
"02.12.2020","91,12","91,19","91,50","90,99","","-0,21%"
"01.12.2020","91,31","91,94","91,94","91,16","","-0,61%"
"30.11.2020","91,87","91,78","92,05","91,51","","0,09%"
"27.11.2020","91,79","92,02","92,05","91,76","","-0,22%"
"26.11.2020","91,99","91,95","92,17","91,85","","0,00%"
"25.11.2020","91,99","92,11","92,26","91,93","","-0,25%"
"24.11.2020","92,23","92,53","92,56","92,13","","-0,30%"
"23.11.2020","92,50","92,40","92,80","92,02","","0,12%"
"20.11.2020","92,39","92,34","92,43","92,21","","0,11%"
"19.11.2020","92,29","92,56","92,72","92,24","","-0,02%"
"18.11.2020","92,32","92,44","92,51","92,21","","-0,11%"
"17.11.2020","92,42","92,49","92,61","92,27","","-0,24%"
"16.11.2020","92,64","92,72","92,84","92,46","","-0,12%"
"13.11.2020","92,75","92,95","93,00","92,71","","-0,22%"
"12.11.2020","92,96","93,01","93,14","92,78","","-0,09%"
"11.11.2020","93,04","92,70","93,21","92,61","","0,32%"
"10.11.2020","92,75","92,76","92,97","92,60","","0,03%"
"09.11.2020","92,72","92,24","92,96","92,13","","0,54%"
"06.11.2020","92,23","92,57","92,82","92,18","","-0,32%"
"05.11.2020","92,53","93,34","93,54","92,49","","-0,94%"
"04.11.2020","93,41","93,09","94,30","93,09","","-0,16%"
"03.11.2020","93,55","94,05","94,05","93,29","","-0,61%"
"02.11.2020","94,13","93,89","94,29","93,89","","0,10%"
"30.10.2020","94,04","93,92","94,08","93,65","","0,09%"
"29.10.2020","93,96","93,46","94,10","93,33","","0,59%"
"28.10.2020","93,40","93,15","93,64","93,05","","0,50%"
"27.10.2020","92,94","93,07","93,13","92,79","","-0,11%"
"26.10.2020","93,04","92,76","93,11","92,74","","0,30%"
"23.10.2020","92,77","92,93","93,13","92,66","","-0,20%"
"22.10.2020","92,95","92,67","92,97","92,61","","0,37%"
"21.10.2020","92,61","93,05","93,07","92,47","","-0,49%"
"20.10.2020","93,07","93,42","93,50","93,00","","-0,39%"
"19.10.2020","93,43","93,72","93,77","93,21","","-0,27%"
"16.10.2020","93,68","93,80","93,88","93,53","","-0,19%"
"15.10.2020","93,86","93,43","93,90","93,37","","0,51%"
"14.10.2020","93,38","93,54","93,67","93,25","","-0,16%"
"13.10.2020","93,53","93,03","93,60","93,03","","0,50%"
"12.10.2020","93,07","93,06","93,24","93,01","","0,01%"
"09.10.2020","93,06","93,56","93,59","93,00","","-0,59%"
"08.10.2020","93,61","93,61","93,78","93,50","","-0,03%"
"07.10.2020","93,63","93,83","93,90","93,56","","-0,06%"
"06.10.2020","93,69","93,43","93,85","93,33","","0,18%"
"05.10.2020","93,51","93,81","93,87","93,37","","-0,35%"
"02.10.2020","93,84","93,73","94,03","93,69","","0,14%"
"01.10.2020","93,71","93,80","93,92","93,53","","-0,19%"
"30.09.2020","93,89","93,85","94,19","93,67","","0,00%"
"29.09.2020","93,89","94,24","94,30","93,82","","-0,41%"
"28.09.2020","94,28","94,58","94,64","94,15","","-0,38%"
"25.09.2020","94,64","94,32","94,74","94,19","","0,31%"
"24.09.2020","94,35","94,38","94,59","94,20","","-0,04%"
"23.09.2020","94,39","93,99","94,43","93,93","","0,43%"
"22.09.2020","93,99","93,55","94,08","93,46","","0,35%"
"21.09.2020","93,66","93,00","93,78","92,75","","0,79%"
"18.09.2020","92,93","92,86","93,01","92,77","","-0,05%"
"17.09.2020","92,97","93,15","93,59","92,87","","-0,26%"
"16.09.2020","93,21","93,08","93,28","92,78","","0,18%"
"15.09.2020","93,05","93,06","93,14","92,79","","0,00%"
"14.09.2020","93,05","93,29","93,33","92,87","","-0,30%"
"11.09.2020","93,33","93,33","93,38","93,10","","0,00%"
"10.09.2020","93,34","93,23","93,45","92,70","","0,09%"
"09.09.2020","93,25","93,58","93,66","93,14","","-0,20%"
"08.09.2020","93,44","93,05","93,52","93,00","","0,78%"
"07.09.2020","92,72","92,97","93,09","92,72","","0,00%"
"04.09.2020","92,72","92,80","93,24","92,66","","-0,02%"
"03.09.2020","92,74","92,66","93,07","92,65","","-0,12%"
"02.09.2020","92,85","92,28","92,87","92,21","","0,55%"
"01.09.2020","92,34","92,18","92,40","91,75","","0,21%"
"31.08.2020","92,14","92,30","92,48","91,99","","-0,25%"
"28.08.2020","92,37","93,02","93,10","92,20","","-0,68%"
"27.08.2020","93,00","92,85","93,32","92,42","","0,00%"
"26.08.2020","93,01","93,02","93,36","92,85","","-0,01%"
"25.08.2020","93,02","93,28","93,35","92,97","","-0,30%"
"24.08.2020","93,30","93,20","93,34","92,84","","0,05%"
"21.08.2020","93,25","92,72","93,47","92,57","","0,49%"
"20.08.2020","92,79","92,96","93,24","92,73","","-0,10%"
"19.08.2020","92,89","92,28","93,05","92,15","","0,67%"
"18.08.2020","92,27","92,82","92,82","92,13","","-0,62%"
"17.08.2020","92,85","93,10","93,12","92,77","","-0,26%"
"14.08.2020","93,10","93,22","93,41","93,01","","-0,26%"
"13.08.2020","93,33","93,36","93,39","92,93","","-0,12%"
"12.08.2020","93,44","93,68","93,90","93,27","","-0,20%"
"11.08.2020","93,63","93,60","93,74","93,17","","0,05%"
"10.08.2020","93,58","93,39","93,69","93,30","","0,16%"
"07.08.2020","93,43","92,81","93,62","92,76","","0,70%"
"06.08.2020","92,79","92,77","93,09","92,52","","-0,09%"
"05.08.2020","92,87","93,23","93,25","92,56","","-0,55%"
"04.08.2020","93,38","93,56","93,83","93,23","","-0,17%"
"03.08.2020","93,54","93,46","93,99","93,32","","0,21%"
"31.07.2020","93,35","92,82","93,54","92,55","","0,35%"
"30.07.2020","93,02","93,32","93,68","92,93","","-0,46%"
"29.07.2020","93,45","93,75","93,80","93,18","","-0,26%"
"28.07.2020","93,70","93,58","94,01","93,49","","0,03%"
"27.07.2020","93,67","94,35","94,42","93,48","","-0,81%"
"24.07.2020","94,43","94,77","94,83","94,33","","-0,27%"
"23.07.2020","94,69","94,98","95,18","94,59","","-0,31%"
"22.07.2020","94,99","95,13","95,41","94,83","","-0,14%"
"21.07.2020","95,12","95,75","95,92","95,05","","-0,75%"
"20.07.2020","95,83","96,01","96,18","95,73","","-0,11%"
"17.07.2020","95,94","96,28","96,33","95,90","","-0,42%"
"16.07.2020","96,35","96,00","96,40","95,89","","0,28%"
"15.07.2020","96,08","96,17","96,25","95,78","","-0,18%"
"14.07.2020","96,26","96,54","96,70","96,18","","-0,21%"
"13.07.2020","96,46","96,66","96,68","96,27","","-0,19%"
"10.07.2020","96,65","96,75","96,97","96,44","","-0,05%"
"09.07.2020","96,70","96,45","96,81","96,24","","0,28%"
"08.07.2020","96,43","96,99","97,05","96,40","","-0,47%"
"07.07.2020","96,88","96,75","97,15","96,60","","0,16%"
"06.07.2020","96,72","97,15","97,19","96,57","","-0,46%"
"03.07.2020","97,17","97,21","97,36","97,12","","-0,15%"
"02.07.2020","97,32","97,14","97,34","96,81","","0,12%"
"01.07.2020","97,20","97,39","97,62","97,03","","-0,20%"
"30.06.2020","97,39","97,40","97,80","97,23","","-0,15%"
"29.06.2020","97,54","97,50","97,65","97,11","","0,11%"
"26.06.2020","97,43","97,35","97,68","97,26","","0,00%"
"25.06.2020","97,43","97,24","97,60","97,16","","0,29%"
"24.06.2020","97,15","96,66","97,24","96,55","","0,52%"
"23.06.2020","96,65","96,93","97,25","96,39","","-0,40%"
"22.06.2020","97,04","97,66","97,74","97,00","","-0,60%"
"19.06.2020","97,62","97,42","97,72","97,16","","0,21%"
"18.06.2020","97,42","97,08","97,58","96,95","","0,27%"
"17.06.2020","97,16","97,01","97,34","96,80","","0,21%"
"16.06.2020","96,96","96,56","97,25","96,43","","0,26%"
"15.06.2020","96,71","97,09","97,39","96,60","","-0,63%"
"12.06.2020","97,32","96,81","97,45","96,49","","0,61%"
"11.06.2020","96,73","96,09","96,83","95,95","","0,81%"
"10.06.2020","95,96","96,43","96,46","95,72","","-0,38%"
"09.06.2020","96,32","96,63","97,06","96,23","","-0,30%"
"08.06.2020","96,62","96,84","97,07","96,60","","-0,33%"
"05.06.2020","96,94","96,74","97,03","96,44","","0,27%"
"04.06.2020","96,68","97,32","97,63","96,57","","-0,62%"
"03.06.2020","97,28","97,57","97,63","97,18","","-0,41%"
"02.06.2020","97,67","97,84","97,91","97,43","","-0,16%"
"01.06.2020","97,83","98,30","98,32","97,79","","-0,52%"
"29.05.2020","98,34","98,51","98,55","97,94","","-0,04%"
"28.05.2020","98,38","98,91","99,09","98,35","","-0,69%"
"27.05.2020","99,06","99,02","99,34","98,72","","0,16%"
"26.05.2020","98,91","99,76","99,77","98,90","","-0,96%"
"25.05.2020","99,86","99,79","99,97","99,69","","0,00%"
"22.05.2020","99,86","99,42","99,87","99,39","","0,50%"
"21.05.2020","99,37","99,18","99,51","99,02","","0,25%"
"20.05.2020","99,12","99,55","99,56","99,00","","-0,25%"
"19.05.2020","99,37","99,62","99,73","99,23","","-0,29%"
"18.05.2020","99,67","100,36","100,47","99,58","","-0,73%"
"15.05.2020","100,40","100,26","100,49","100,08","","-0,06%"
"14.05.2020","100,47","100,19","100,56","100,15","","0,22%"
"13.05.2020","100,24","100,01","100,28","99,58","","0,31%"
"12.05.2020","99,93","100,23","100,44","99,66","","-0,30%"
"11.05.2020","100,24","99,12","100,28","99,12","","0,50%"
"08.05.2020","99,73","99,84","99,94","99,10","","-0,16%"
"07.05.2020","99,89","100,21","100,40","99,81","","-0,20%"
"06.05.2020","100,09","99,79","100,20","99,75","","0,38%"
"05.05.2020","99,71","99,51","99,97","99,30","","0,23%"
"04.05.2020","99,48","98,57","99,60","98,57","","0,41%"
"01.05.2020","99,08","99,13","99,21","98,64","","0,06%"
"30.04.2020","99,02","99,48","99,72","98,81","","-0,55%"
"29.04.2020","99,57","99,88","99,89","99,46","","-0,30%"
"28.04.2020","99,86","100,06","100,21","99,45","","-0,18%"
"27.04.2020","100,04","100,23","100,32","99,83","","-0,34%"
"24.04.2020","100,38","100,50","100,87","100,19","","-0,05%"
"23.04.2020","100,43","100,45","100,69","100,04","","0,04%"
"22.04.2020","100,39","100,21","100,50","99,90","","0,13%"
"21.04.2020","100,26","99,94","100,48","99,93","","0,30%"
"20.04.2020","99,96","99,71","100,07","99,65","","0,17%"
"17.04.2020","99,78","99,86","100,29","99,62","","-0,24%"
"16.04.2020","100,03","99,63","100,30","99,61","","0,57%"
"15.04.2020","99,46","98,82","99,98","98,82","","0,58%"
"14.04.2020","98,89","99,38","99,43","98,82","","-0,46%"
"13.04.2020","99,35","99,49","99,63","99,14","","-0,17%"
"10.04.2020","99,52","99,58","99,63","99,36","","0,00%"
"09.04.2020","99,52","100,13","100,30","99,36","","-0,60%"
"08.04.2020","100,12","99,91","100,43","99,90","","0,22%"
"07.04.2020","99,90","100,75","100,79","99,77","","-0,78%"
"06.04.2020","100,68","100,66","100,93","100,47","","0,11%"
"03.04.2020","100,58","100,20","100,85","100,14","","0,40%"
"02.04.2020","100,18","99,51","100,41","99,33","","0,51%"
"01.04.2020","99,67","99,01","99,84","98,91","","0,63%"
"31.03.2020","99,05","99,25","99,95","98,89","","-0,13%"
"30.03.2020","99,18","98,31","99,32","98,29","","0,83%"
"27.03.2020","98,36","99,29","99,81","98,27","","-0,99%"
"26.03.2020","99,35","100,96","101,02","99,24","","-1,68%"
"25.03.2020","101,05","101,60","101,91","100,84","","-0,97%"
"24.03.2020","102,04","102,13","102,21","101,05","","-0,44%"
"23.03.2020","102,49","101,95","102,98","101,65","","-0,32%"
"20.03.2020","102,82","102,94","102,99","101,09","","0,06%"
"19.03.2020","102,75","100,79","102,94","100,77","","1,58%"
"18.03.2020","101,16","99,38","101,74","99,15","","1,59%"
"17.03.2020","99,57","98,14","99,83","97,98","","1,54%"
"16.03.2020","98,07","98,70","98,70","97,45","","-0,69%"
"13.03.2020","98,75","97,45","98,81","97,33","","1,31%"
"12.03.2020","97,47","96,65","98,31","96,08","","1,00%"
"11.03.2020","96,51","96,33","96,69","95,91","","0,10%"
"10.03.2020","96,41","95,34","96,58","95,23","","1,60%"
"09.03.2020","94,89","96,11","95,79","94,65","","-1,10%"
"06.03.2020","95,95","96,61","96,70","95,71","","-0,90%"
"05.03.2020","96,82","97,38","97,44","96,51","","-0,53%"
"04.03.2020","97,34","97,17","97,59","97,12","","0,19%"
"03.03.2020","97,15","97,56","97,69","96,98","","-0,21%"
"02.03.2020","97,36","98,12","98,12","97,18","","-0,79%"
"28.02.2020","98,13","98,42","98,66","97,96","","-0,38%"
"27.02.2020","98,51","99,02","99,05","98,36","","-0,49%"
"26.02.2020","99,00","99,08","99,27","98,91","","0,03%"
"25.02.2020","98,97","99,33","99,39","98,88","","-0,39%"
"24.02.2020","99,36","99,34","99,64","99,11","","0,10%"
"21.02.2020","99,26","99,86","99,87","99,23","","-0,60%"
"20.02.2020","99,86","99,54","99,91","99,53","","0,16%"
"19.02.2020","99,71","99,43","99,72","99,38","","0,27%"
"18.02.2020","99,44","99,19","99,47","99,14","","0,44%"
"17.02.2020","99,00","99,16","99,21","99,00","","-0,12%"
"14.02.2020","99,12","99,12","99,17","99,00","","0,06%"
"13.02.2020","99,07","98,99","99,11","98,85","","0,02%"
"12.02.2020","99,05","98,77","99,05","98,71","","0,33%"
"11.02.2020","98,72","98,86","98,95","98,71","","-0,11%"
"10.02.2020","98,83","98,70","98,88","98,60","","0,15%"
"07.02.2020","98,68","98,46","98,72","98,42","","0,19%"
"06.02.2020","98,50","98,29","98,57","98,21","","0,20%"
"05.02.2020","98,30","97,94","98,32","97,90","","0,35%"
"04.02.2020","97,96","97,82","98,01","97,79","","0,16%"
"03.02.2020","97,80","97,37","97,89","97,37","","0,42%"
"31.01.2020","97,39","97,87","97,97","97,35","","-0,49%"
"30.01.2020","97,87","98,03","98,07","97,79","","-0,12%"
"29.01.2020","97,99","97,95","98,19","97,94","","-0,03%"
"28.01.2020","98,02","97,95","98,16","97,90","","0,06%"
"27.01.2020","97,96","97,88","98,00","97,78","","0,11%"
"24.01.2020","97,85","97,72","97,95","97,67","","0,16%"
"23.01.2020","97,69","97,48","97,80","97,43","","0,16%"
"22.01.2020","97,53","97,62","97,69","97,44","","0,00%"
"21.01.2020","97,53","97,63","97,66","97,39","","-0,08%"
"20.01.2020","97,61","97,64","97,73","97,58","","-0,03%"
"17.01.2020","97,64","97,30","97,66","97,27","","0,33%"
"16.01.2020","97,32","97,18","97,36","97,08","","0,09%"
"15.01.2020","97,23","97,38","97,44","97,16","","-0,14%"
"14.01.2020","97,37","97,36","97,56","97,33","","0,03%"
"13.01.2020","97,34","97,35","97,53","97,31","","-0,02%"
"10.01.2020","97,36","97,43","97,58","97,30","","-0,09%"
"09.01.2020","97,45","97,27","97,56","97,25","","0,15%"
"08.01.2020","97,30","96,83","97,35","96,82","","0,31%"
"07.01.2020","97,00","96,65","97,09","96,62","","0,34%"
"06.01.2020","96,67","96,90","96,90","96,54","","-0,18%"
"03.01.2020","96,84","96,79","97,11","96,71","","-0,01%"
"02.01.2020","96,85","96,48","96,87","96,42","","0,48%"
"01.01.2020","96,39","96,50","97,10","96,39","","0,00%"
"31.12.2019","96,39","96,73","96,73","96,36","","-0,36%"
"30.12.2019","96,74","97,02","97,02","96,61","","-0,19%"
"27.12.2019","96,92","97,54","97,55","96,92","","-0,63%"
"26.12.2019","97,53","97,62","97,71","97,49","","-0,12%"
"25.12.2019","97,65","97,67","97,73","97,35","","0,00%"
"24.12.2019","97,65","97,66","97,80","97,61","","-0,01%"
"23.12.2019","97,66","97,67","97,82","97,58","","-0,03%"
"20.12.2019","97,69","97,39","97,76","97,38","","0,32%"
"19.12.2019","97,38","97,40","97,49","97,22","","-0,02%"
"18.12.2019","97,40","97,23","97,47","97,22","","0,19%"
"17.12.2019","97,22","97,14","97,30","97,03","","0,21%"
"16.12.2019","97,02","97,18","97,18","96,93","","-0,15%"
"13.12.2019","97,17","96,78","97,24","96,72","","-0,24%"
"12.12.2019","97,40","97,08","97,52","96,59","","0,33%"
"11.12.2019","97,08","97,51","97,60","97,04","","-0,34%"
"10.12.2019","97,41","97,65","97,66","97,40","","-0,24%"
"09.12.2019","97,64","97,68","97,72","97,56","","-0,06%"
"06.12.2019","97,70","97,38","97,84","97,36","","0,30%"
"05.12.2019","97,41","97,59","97,59","97,36","","-0,25%"
"04.12.2019","97,65","97,71","97,79","97,43","","-0,09%"
"03.12.2019","97,74","97,89","97,94","97,64","","-0,12%"
"02.12.2019","97,86","98,27","98,38","97,81","","-0,42%"
"29.11.2019","98,27","98,34","98,54","98,22","","-0,10%"
"28.11.2019","98,37","98,33","98,40","98,26","","0,00%"
"27.11.2019","98,37","98,30","98,44","98,28","","0,12%"
"26.11.2019","98,25","98,33","98,38","98,23","","-0,07%"
"25.11.2019","98,32","98,27","98,38","98,17","","0,05%"
"22.11.2019","98,27","97,93","98,31","97,84","","0,29%"
"21.11.2019","97,99","97,86","98,03","97,73","","0,06%"
"20.11.2019","97,93","97,84","98,04","97,84","","0,07%"
"19.11.2019","97,86","97,81","97,89","97,75","","0,07%"
"18.11.2019","97,79","97,98","97,98","97,68","","-0,21%"
"15.11.2019","98,00","98,17","98,23","97,96","","-0,16%"
"14.11.2019","98,16","98,34","98,42","98,11","","-0,21%"
"13.11.2019","98,37","98,33","98,45","98,29","","0,06%"
"12.11.2019","98,31","98,21","98,42","98,21","","0,11%"
"11.11.2019","98,20","98,37","98,38","98,13","","-0,15%"
"08.11.2019","98,35","98,14","98,40","98,10","","0,21%"
"07.11.2019","98,14","97,95","98,23","97,82","","0,19%"
"06.11.2019","97,95","97,94","97,98","97,78","","-0,03%"
"05.11.2019","97,98","97,55","98,01","97,47","","0,49%"
"04.11.2019","97,50","97,22","97,58","97,17","","0,27%"
"01.11.2019","97,24","97,30","97,45","97,11","","-0,11%"
"31.10.2019","97,35","97,44","97,45","97,22","","-0,31%"
"30.10.2019","97,65","97,67","98,00","97,45","","-0,04%"
"29.10.2019","97,69","97,75","97,93","97,61","","-0,07%"
"28.10.2019","97,76","97,85","97,89","97,67","","-0,07%"
"25.10.2019","97,83","97,69","97,90","97,57","","0,20%"
"24.10.2019","97,63","97,46","97,78","97,28","","0,14%"
"23.10.2019","97,49","97,49","97,65","97,42","","-0,04%"
"22.10.2019","97,53","97,31","97,57","97,26","","0,21%"
"21.10.2019","97,33","97,34","97,40","97,15","","0,05%"
"18.10.2019","97,28","97,60","97,66","97,14","","-0,34%"
"17.10.2019","97,61","97,99","98,11","97,50","","-0,40%"
"16.10.2019","98,00","98,32","98,42","97,90","","-0,30%"
"15.10.2019","98,29","98,45","98,64","98,21","","-0,16%"
"14.10.2019","98,45","98,36","98,53","98,34","","0,15%"
"11.10.2019","98,30","98,70","98,74","98,20","","-0,41%"
"10.10.2019","98,70","98,98","99,07","98,62","","-0,42%"
"09.10.2019","99,12","99,09","99,16","98,90","","-0,01%"
"08.10.2019","99,13","98,98","99,25","98,85","","0,16%"
"07.10.2019","98,97","98,82","99,00","98,74","","0,16%"
"04.10.2019","98,81","98,87","99,00","98,73","","-0,05%"
"03.10.2019","98,86","99,03","99,19","98,64","","-0,16%"
"02.10.2019","99,02","99,16","99,42","98,96","","-0,11%"
"01.10.2019","99,13","99,40","99,67","99,07","","-0,25%"
"30.09.2019","99,38","99,12","99,46","99,05","","0,27%"
"27.09.2019","99,11","99,19","99,31","98,99","","-0,02%"
"26.09.2019","99,13","98,96","99,28","98,84","","0,09%"
"25.09.2019","99,04","98,38","99,06","98,36","","0,71%"
"24.09.2019","98,34","98,64","98,70","98,29","","-0,26%"
"23.09.2019","98,60","98,51","98,83","98,45","","0,09%"
"20.09.2019","98,51","98,34","98,64","98,14","","0,24%"
"19.09.2019","98,27","98,57","98,62","98,20","","-0,29%"
"18.09.2019","98,56","98,21","98,69","98,19","","0,31%"
"17.09.2019","98,26","98,65","98,74","98,19","","-0,35%"
"16.09.2019","98,61","98,12","98,71","98,03","","0,36%"
"13.09.2019","98,26","98,41","98,43","97,86","","-0,05%"
"12.09.2019","98,31","98,63","99,10","98,19","","-0,33%"
"11.09.2019","98,64","98,33","98,75","97,86","","0,32%"
"10.09.2019","98,33","98,33","98,46","98,26","","0,05%"
"09.09.2019","98,28","98,42","98,51","98,14","","-0,11%"
"06.09.2019","98,39","98,42","98,52","98,01","","-0,02%"
"05.09.2019","98,41","98,40","98,53","98,08","","-0,04%"
"04.09.2019","98,45","98,96","98,97","98,39","","-0,56%"
"03.09.2019","99,00","99,08","99,37","98,92","","0,08%"
"02.09.2019","98,92","98,83","99,13","98,81","","0,00%"
"30.08.2019","98,92","98,43","99,02","98,41","","0,42%"
"29.08.2019","98,51","98,19","98,55","98,16","","0,31%"
"28.08.2019","98,21","98,01","98,26","98,00","","0,21%"
"27.08.2019","98,00","98,05","98,05","97,86","","-0,08%"
"26.08.2019","98,08","97,59","98,09","97,48","","0,45%"
"23.08.2019","97,64","98,19","98,45","97,17","","-0,54%"
"22.08.2019","98,17","98,25","98,39","98,08","","-0,13%"
"21.08.2019","98,30","98,17","98,33","97,95","","0,11%"
"20.08.2019","98,19","98,36","98,45","98,12","","-0,16%"
"19.08.2019","98,35","98,17","98,39","98,13","","0,21%"
"16.08.2019","98,14","98,13","98,34","98,11","","0,00%"
"15.08.2019","98,14","97,95","98,24","97,82","","0,15%"
"14.08.2019","97,99","97,80","98,05","97,67","","0,18%"
"13.08.2019","97,81","97,48","97,85","97,32","","0,44%"
"12.08.2019","97,38","97,53","97,74","97,32","","-0,11%"
"09.08.2019","97,49","97,57","97,64","97,03","","-0,13%"
"08.08.2019","97,62","97,60","97,74","97,43","","0,08%"
"07.08.2019","97,54","97,56","97,85","97,31","","-0,09%"
"06.08.2019","97,63","97,25","97,77","97,21","","0,11%"
"05.08.2019","97,52","98,11","98,14","97,38","","-0,56%"
"02.08.2019","98,07","98,41","98,45","98,05","","-0,30%"
"01.08.2019","98,37","98,59","98,93","98,27","","-0,15%"
"31.07.2019","98,52","98,03","98,68","98,00","","0,48%"
"30.07.2019","98,05","98,07","98,21","98,02","","0,01%"
"29.07.2019","98,04","97,99","98,17","97,90","","0,03%"
"26.07.2019","98,01","97,79","98,09","97,76","","0,19%"
"25.07.2019","97,82","97,69","97,92","97,50","","0,09%"
"24.07.2019","97,73","97,72","97,81","97,55","","0,03%"
"23.07.2019","97,70","97,30","97,74","97,30","","0,45%"
"22.07.2019","97,26","97,14","97,30","97,13","","0,11%"
"19.07.2019","97,15","96,82","97,29","96,76","","0,37%"
"18.07.2019","96,79","97,19","97,26","96,67","","-0,44%"
"17.07.2019","97,22","97,36","97,44","97,16","","-0,17%"
"16.07.2019","97,39","96,92","97,44","96,92","","0,47%"
"15.07.2019","96,93","96,84","96,97","96,75","","0,12%"
"12.07.2019","96,81","97,08","97,12","96,72","","-0,25%"
"11.07.2019","97,05","97,06","97,15","96,80","","-0,05%"
"10.07.2019","97,10","97,51","97,55","97,03","","-0,40%"
"09.07.2019","97,49","97,38","97,59","97,36","","0,11%"
"08.07.2019","97,38","97,23","97,42","97,16","","0,09%"
"05.07.2019","97,29","96,72","97,44","96,72","","0,54%"
"04.07.2019","96,77","96,71","96,81","96,66","","0,00%"
"03.07.2019","96,77","96,73","96,87","96,59","","0,04%"
"02.07.2019","96,73","96,81","96,88","96,60","","-0,11%"
"01.07.2019","96,84","96,25","96,87","96,25","","0,74%"
"28.06.2019","96,13","96,19","96,30","96,02","","-0,06%"
"27.06.2019","96,19","96,17","96,39","96,14","","-0,02%"
"26.06.2019","96,21","96,18","96,34","96,07","","0,07%"
"25.06.2019","96,14","96,00","96,36","95,84","","0,17%"
"24.06.2019","95,98","96,18","96,20","95,97","","-0,25%"
"21.06.2019","96,22","96,62","96,71","96,09","","-0,42%"
"20.06.2019","96,63","97,17","97,20","96,57","","-0,50%"
"19.06.2019","97,12","97,63","97,68","97,09","","-0,53%"
"18.06.2019","97,64","97,53","97,77","97,37","","0,08%"
"17.06.2019","97,56","97,52","97,60","97,34","","-0,01%"
"14.06.2019","97,57","97,01","97,58","96,94","","0,58%"
"13.06.2019","97,01","96,96","97,08","96,87","","0,01%"
"12.06.2019","97,00","96,71","97,02","96,58","","0,32%"
"11.06.2019","96,69","96,75","96,88","96,64","","-0,07%"
"10.06.2019","96,76","96,64","96,94","96,63","","0,23%"
"07.06.2019","96,54","97,01","97,18","96,46","","-0,52%"
"06.06.2019","97,04","97,29","97,35","96,78","","-0,29%"
"05.06.2019","97,32","97,12","97,37","96,75","","0,26%"
"04.06.2019","97,07","97,21","97,33","97,00","","-0,07%"
"03.06.2019","97,14","97,64","97,80","97,11","","-0,62%"
"31.05.2019","97,75","98,15","98,17","97,61","","-0,40%"
"30.05.2019","98,14","98,13","98,28","98,09","","0,00%"
"29.05.2019","98,14","97,92","98,21","97,86","","0,19%"
"28.05.2019","97,95","97,74","97,98","97,70","","0,35%"
"27.05.2019","97,61","97,57","97,79","97,55","","0,00%"
"24.05.2019","97,61","97,83","97,91","97,55","","-0,26%"
"23.05.2019","97,86","98,06","98,37","97,81","","-0,18%"
"22.05.2019","98,04","98,02","98,12","97,89","","-0,02%"
"21.05.2019","98,06","97,92","98,13","97,82","","0,13%"
"20.05.2019","97,93","97,96","98,04","97,88","","-0,07%"
"17.05.2019","98,00","97,83","98,03","97,77","","0,14%"
"16.05.2019","97,86","97,54","97,88","97,44","","0,30%"
"15.05.2019","97,57","97,53","97,70","97,44","","0,04%"
"14.05.2019","97,53","97,32","97,56","97,27","","0,22%"
"13.05.2019","97,32","97,30","97,38","97,03","","-0,01%"
"10.05.2019","97,33","97,43","97,45","97,13","","-0,04%"
"09.05.2019","97,37","97,58","97,70","97,24","","-0,26%"
"08.05.2019","97,62","97,57","97,68","97,42","","-0,01%"
"07.05.2019","97,63","97,52","97,74","97,38","","0,11%"
"06.05.2019","97,52","97,56","97,70","97,46","","0,00%"
"03.05.2019","97,52","97,83","98,10","97,41","","-0,32%"
"02.05.2019","97,83","97,63","97,85","97,51","","0,14%"
"01.05.2019","97,69","97,53","97,73","97,15","","0,22%"
"30.04.2019","97,48","97,84","97,89","97,44","","-0,39%"
"29.04.2019","97,86","98,03","98,10","97,83","","-0,15%"
"26.04.2019","98,01","98,12","98,33","97,85","","-0,19%"
"25.04.2019","98,20","98,10","98,32","97,99","","0,03%"
"24.04.2019","98,17","97,59","98,19","97,59","","0,54%"
"23.04.2019","97,64","97,28","97,78","97,28","","0,36%"
"22.04.2019","97,29","97,38","97,41","97,26","","-0,09%"
"19.04.2019","97,38","97,42","97,43","97,33","","-0,09%"
"18.04.2019","97,47","97,01","97,48","96,96","","0,47%"
"17.04.2019","97,01","97,07","97,12","96,82","","-0,03%"
"16.04.2019","97,04","96,93","97,09","96,88","","0,10%"
"15.04.2019","96,94","96,92","96,96","96,79","","-0,03%"
"12.04.2019","96,97","97,14","97,18","96,75","","-0,22%"
"11.04.2019","97,18","96,89","97,19","96,88","","0,24%"
"10.04.2019","96,95","96,99","97,22","96,85","","-0,06%"
"09.04.2019","97,01","97,08","97,08","96,86","","-0,04%"
"08.04.2019","97,05","97,39","97,40","96,98","","-0,35%"
"05.04.2019","97,39","97,30","97,47","97,19","","0,08%"
"04.04.2019","97,31","97,04","97,34","97,02","","0,23%"
"03.04.2019","97,09","97,30","97,32","96,96","","-0,28%"
"02.04.2019","97,36","97,33","97,52","97,27","","0,13%"
"01.04.2019","97,23","97,18","97,39","97,03","","-0,05%"
"29.03.2019","97,28","97,20","97,34","97,00","","0,08%"
"28.03.2019","97,20","96,97","97,30","96,82","","0,44%"
"27.03.2019","96,77","96,75","96,98","96,68","","0,03%"
"26.03.2019","96,74","96,50","96,84","96,45","","0,18%"
"25.03.2019","96,57","96,64","96,68","96,41","","-0,08%"
"22.03.2019","96,65","96,32","96,81","96,21","","0,16%"
"21.03.2019","96,50","95,91","96,62","95,84","","0,77%"
"20.03.2019","95,76","96,40","96,57","95,74","","-0,64%"
"19.03.2019","96,38","96,51","96,52","96,29","","-0,15%"
"18.03.2019","96,52","96,56","96,63","96,38","","-0,07%"
"15.03.2019","96,59","96,72","96,79","96,49","","-0,20%"
"14.03.2019","96,78","96,49","96,82","96,47","","0,24%"
"13.03.2019","96,55","97,01","97,02","96,39","","-0,40%"
"12.03.2019","96,94","97,05","97,28","96,86","","-0,29%"
"11.03.2019","97,22","97,39","97,45","96,92","","-0,09%"
"08.03.2019","97,31","97,61","97,64","97,25","","-0,37%"
"07.03.2019","97,67","96,83","97,71","96,81","","0,83%"
"06.03.2019","96,87","96,90","96,99","96,78","","0,00%"
"05.03.2019","96,87","96,67","97,01","96,66","","0,20%"
"04.03.2019","96,68","96,34","96,82","96,33","","0,16%"
"01.03.2019","96,53","96,22","96,55","96,07","","0,38%"
"28.02.2019","96,16","96,09","96,28","95,82","","0,01%"
"27.02.2019","96,15","96,06","96,19","95,88","","0,16%"
"26.02.2019","96,00","96,39","96,46","95,95","","-0,43%"
"25.02.2019","96,41","96,52","96,60","96,32","","-0,10%"
"22.02.2019","96,51","96,59","96,78","96,42","","-0,10%"
"21.02.2019","96,61","96,49","96,66","96,36","","0,17%"
"20.02.2019","96,45","96,53","96,65","96,29","","-0,07%"
"19.02.2019","96,52","96,81","97,08","96,43","","-0,39%"
"18.02.2019","96,90","96,81","96,90","96,65","","0,00%"
"15.02.2019","96,90","97,06","97,37","96,83","","-0,08%"
"14.02.2019","96,98","97,14","97,28","96,95","","-0,15%"
"13.02.2019","97,13","96,73","97,26","96,63","","0,43%"
"12.02.2019","96,71","97,06","97,20","96,65","","-0,36%"
"11.02.2019","97,06","96,66","97,12","96,62","","0,43%"
"08.02.2019","96,64","96,60","96,69","96,45","","0,13%"
"07.02.2019","96,51","96,39","96,67","96,38","","0,12%"
"06.02.2019","96,39","96,06","96,42","96,04","","0,33%"
"05.02.2019","96,07","95,83","96,12","95,81","","0,23%"
"04.02.2019","95,85","95,60","95,92","95,57","","0,28%"
"01.02.2019","95,58","95,55","95,66","95,40","","0,00%"
"31.01.2019","95,58","95,35","95,62","95,16","","0,25%"
"30.01.2019","95,34","95,79","95,98","95,25","","-0,50%"
"29.01.2019","95,82","95,74","95,87","95,62","","0,07%"
"28.01.2019","95,75","95,79","95,92","95,64","","-0,04%"
"25.01.2019","95,79","96,49","96,53","95,74","","-0,84%"
"24.01.2019","96,60","96,07","96,68","96,04","","0,50%"
"23.01.2019","96,12","96,31","96,37","96,05","","-0,19%"
"22.01.2019","96,30","96,34","96,48","96,22","","-0,04%"
"21.01.2019","96,34","96,35","96,43","96,20","","0,00%"
"18.01.2019","96,34","96,07","96,39","96,01","","0,29%"
"17.01.2019","96,06","96,07","96,26","95,98","","0,00%"
"16.01.2019","96,06","95,94","96,18","95,86","","0,02%"
"15.01.2019","96,04","95,57","96,26","95,47","","0,45%"
"14.01.2019","95,61","95,65","95,72","95,48","","-0,06%"
"11.01.2019","95,67","95,44","95,76","95,19","","0,14%"
"10.01.2019","95,54","95,16","95,62","95,03","","0,34%"
"09.01.2019","95,22","95,81","95,92","95,12","","-0,71%"
"08.01.2019","95,90","95,69","96,03","95,68","","0,24%"
"07.01.2019","95,67","96,16","96,16","95,64","","-0,53%"
"04.01.2019","96,18","96,28","96,61","96,05","","-0,13%"
"03.01.2019","96,31","96,72","96,75","96,21","","-0,53%"
"02.01.2019","96,82","96,14","96,96","95,82","","0,68%"
"01.01.2019","96,17","96,15","96,32","95,65","","0,00%"
"31.12.2018","96,17","96,40","96,51","96,00","","-0,24%"
"28.12.2018","96,40","96,51","96,52","96,19","","-0,08%"
"27.12.2018","96,48","96,92","96,94","96,41","","-0,59%"
"26.12.2018","97,05","96,58","97,12","96,53","","0,52%"
"25.12.2018","96,55","96,56","96,96","96,47","","0,00%"
"24.12.2018","96,55","96,94","96,94","96,38","","-0,42%"
"21.12.2018","96,96","96,39","97,05","96,25","","0,71%"
"20.12.2018","96,28","96,99","97,04","96,17","","-0,77%"
"19.12.2018","97,03","96,91","97,10","96,55","","-0,07%"
"18.12.2018","97,10","97,13","97,17","96,70","","0,00%"
"17.12.2018","97,10","97,43","97,46","97,05","","-0,35%"
"14.12.2018","97,44","97,09","97,71","97,08","","0,39%"
"13.12.2018","97,06","97,04","97,29","96,88","","0,02%"
"12.12.2018","97,04","97,38","97,49","96,89","","-0,36%"
"11.12.2018","97,39","97,18","97,55","96,87","","0,17%"
"10.12.2018","97,22","96,72","97,24","96,36","","0,74%"
"07.12.2018","96,51","96,80","96,92","96,51","","-0,31%"
"06.12.2018","96,81","97,01","97,20","96,55","","-0,27%"
"05.12.2018","97,07","97,01","97,20","96,83","","0,10%"
"04.12.2018","96,97","96,94","97,13","96,38","","-0,07%"
"03.12.2018","97,04","97,13","97,16","96,71","","-0,24%"
"30.11.2018","97,27","96,76","97,31","96,71","","0,51%"
"29.11.2018","96,78","96,84","97,00","96,63","","-0,01%"
"28.11.2018","96,79","97,37","97,54","96,69","","-0,60%"
"27.11.2018","97,37","97,03","97,50","96,97","","0,31%"
"26.11.2018","97,07","96,93","97,10","96,66","","0,15%"
"23.11.2018","96,92","96,51","96,98","96,40","","0,22%"
"22.11.2018","96,71","96,72","96,72","96,32","","0,00%"
"21.11.2018","96,71","96,82","96,87","96,50","","-0,13%"
"20.11.2018","96,84","96,20","96,89","96,04","","0,68%"
"19.11.2018","96,19","96,43","96,57","96,12","","-0,29%"
"16.11.2018","96,47","97,05","97,06","96,40","","-0,47%"
"15.11.2018","96,93","97,01","97,39","96,77","","0,13%"
"14.11.2018","96,80","97,03","97,41","96,75","","-0,51%"
"13.11.2018","97,30","97,60","97,66","96,94","","-0,25%"
"12.11.2018","97,54","97,05","97,69","96,97","","0,65%"
"09.11.2018","96,91","96,63","97,01","96,62","","0,20%"
"08.11.2018","96,72","96,19","96,74","96,07","","0,75%"
"07.11.2018","96,00","95,99","96,46","95,68","","-0,33%"
"06.11.2018","96,32","96,33","96,45","96,14","","0,04%"
"05.11.2018","96,28","96,44","96,68","96,25","","-0,27%"
"02.11.2018","96,54","96,31","96,59","95,99","","0,27%"
"01.11.2018","96,28","97,08","97,11","96,20","","-0,88%"
"31.10.2018","97,13","96,99","97,20","96,88","","0,12%"
"30.10.2018","97,01","96,66","97,02","96,62","","0,45%"
"29.10.2018","96,58","96,44","96,70","96,35","","0,23%"
"26.10.2018","96,36","96,59","96,86","96,29","","-0,33%"
"25.10.2018","96,68","96,36","96,73","96,21","","0,26%"
"24.10.2018","96,43","95,92","96,53","95,91","","0,49%"
"23.10.2018","95,96","96,03","96,16","95,81","","-0,05%"
"22.10.2018","96,01","95,66","96,09","95,47","","0,31%"
"19.10.2018","95,71","95,95","96,09","95,54","","-0,20%"
"18.10.2018","95,90","95,66","95,99","95,49","","0,33%"
"17.10.2018","95,58","95,09","95,66","95,06","","0,56%"
"16.10.2018","95,05","95,05","95,20","94,79","","-0,01%"
"15.10.2018","95,06","95,35","95,37","94,95","","-0,17%"
"12.10.2018","95,22","95,04","95,37","94,95","","0,21%"
"11.10.2018","95,02","95,43","95,43","94,99","","-0,51%"
"10.10.2018","95,51","95,59","95,79","95,38","","-0,17%"
"09.10.2018","95,67","95,75","96,16","95,64","","-0,09%"
"08.10.2018","95,76","95,62","96,03","95,59","","0,15%"
"05.10.2018","95,62","95,76","95,94","95,52","","-0,14%"
"04.10.2018","95,75","96,05","96,12","95,55","","-0,01%"
"03.10.2018","95,76","95,46","96,12","95,26","","0,26%"
"02.10.2018","95,51","95,30","95,74","95,26","","0,22%"
"01.10.2018","95,30","95,11","95,37","95,00","","0,18%"
"28.09.2018","95,13","95,02","95,37","94,92","","0,25%"
"27.09.2018","94,89","94,25","95,01","94,21","","0,74%"
"26.09.2018","94,19","94,17","94,40","93,95","","0,06%"
"25.09.2018","94,13","94,25","94,37","94,01","","-0,06%"
"24.09.2018","94,19","94,23","94,37","93,84","","-0,03%"
"21.09.2018","94,22","93,89","94,33","93,81","","0,33%"
"20.09.2018","93,91","94,55","94,56","93,83","","-0,67%"
"19.09.2018","94,54","94,54","94,73","94,32","","-0,11%"
"18.09.2018","94,64","94,61","94,73","94,31","","0,15%"
"17.09.2018","94,50","94,93","94,98","94,44","","-0,45%"
"14.09.2018","94,93","94,55","95,00","94,36","","0,43%"
"13.09.2018","94,52","94,83","94,97","94,43","","-0,30%"
"12.09.2018","94,80","95,10","95,28","94,73","","-0,47%"
"11.09.2018","95,25","95,15","95,35","94,88","","0,11%"
"10.09.2018","95,15","95,43","95,56","95,03","","-0,22%"
"07.09.2018","95,36","95,02","95,46","94,87","","0,36%"
"06.09.2018","95,02","95,10","95,21","94,93","","-0,17%"
"05.09.2018","95,18","95,40","95,66","95,08","","-0,27%"
"04.09.2018","95,44","95,14","95,74","95,14","","0,32%"
"03.09.2018","95,14","95,19","95,22","95,01","","0,00%"
"31.08.2018","95,14","94,70","95,22","94,55","","0,44%"
"30.08.2018","94,72","94,53","94,90","94,47","","0,13%"
"29.08.2018","94,60","94,73","94,93","94,53","","-0,13%"
"28.08.2018","94,72","94,77","94,91","94,43","","-0,06%"
"27.08.2018","94,78","95,17","95,30","94,69","","-0,39%"
"24.08.2018","95,15","95,64","95,69","95,03","","-0,54%"
"23.08.2018","95,67","95,17","95,71","95,15","","0,55%"
"22.08.2018","95,15","95,21","95,38","94,93","","-0,12%"
"21.08.2018","95,26","95,74","95,75","95,08","","-0,67%"
"20.08.2018","95,90","96,13","96,40","95,73","","-0,21%"
"17.08.2018","96,10","96,61","96,66","96,09","","-0,56%"
"16.08.2018","96,64","96,72","96,77","96,32","","-0,06%"
"15.08.2018","96,70","96,66","96,98","96,65","","-0,03%"
"14.08.2018","96,73","96,33","96,79","96,14","","0,35%"
"13.08.2018","96,39","96,32","96,52","96,16","","0,03%"
"10.08.2018","96,36","95,64","96,45","95,53","","0,90%"
"09.08.2018","95,50","95,10","95,62","95,03","","0,47%"
"08.08.2018","95,05","95,14","95,42","94,99","","-0,18%"
"07.08.2018","95,22","95,34","95,37","94,99","","-0,15%"
"06.08.2018","95,36","95,20","95,52","95,20","","0,23%"
"03.08.2018","95,14","95,18","95,37","94,98","","-0,02%"
"02.08.2018","95,16","94,63","95,19","94,61","","0,57%"
"01.08.2018","94,62","94,56","94,71","94,49","","0,14%"
"31.07.2018","94,49","94,33","94,57","94,16","","0,18%"
"30.07.2018","94,32","94,66","94,76","94,26","","-0,37%"
"27.07.2018","94,67","94,76","94,91","94,63","","-0,08%"
"26.07.2018","94,75","94,16","94,80","94,08","","0,41%"
"25.07.2018","94,36","94,59","94,67","94,14","","-0,26%"
"24.07.2018","94,61","94,67","94,86","94,40","","-0,06%"
"23.07.2018","94,67","94,43","94,72","94,21","","0,23%"
"20.07.2018","94,45","95,13","95,28","94,36","","-0,74%"
"19.07.2018","95,15","95,08","95,65","94,93","","0,07%"
"18.07.2018","95,08","95,03","95,41","94,96","","0,15%"
"17.07.2018","94,94","94,55","95,06","94,30","","0,45%"
"16.07.2018","94,51","94,69","94,77","94,41","","-0,25%"
"13.07.2018","94,75","94,89","95,24","94,67","","-0,06%"
"12.07.2018","94,81","94,70","94,94","94,64","","0,10%"
"11.07.2018","94,72","94,20","94,77","94,09","","0,61%"
"10.07.2018","94,15","94,06","94,47","94,02","","0,07%"
"09.07.2018","94,08","93,97","94,21","93,71","","0,04%"
"06.07.2018","94,04","94,36","94,49","93,92","","-0,46%"
"05.07.2018","94,47","94,51","94,59","94,18","","-0,21%"
"04.07.2018","94,67","94,52","94,71","94,40","","0,00%"
"03.07.2018","94,67","94,84","94,98","94,56","","-0,38%"
"02.07.2018","95,03","94,63","95,14","94,53","","0,41%"
"29.06.2018","94,64","95,30","95,32","94,47","","-0,79%"
"28.06.2018","95,39","95,27","95,53","95,09","","0,13%"
"27.06.2018","95,27","94,67","95,42","94,53","","0,64%"
"26.06.2018","94,66","94,29","94,77","94,17","","0,40%"
"25.06.2018","94,28","94,50","94,70","94,21","","-0,25%"
"22.06.2018","94,52","94,86","94,88","94,43","","-0,23%"
"21.06.2018","94,74","95,13","95,53","94,68","","-0,34%"
"20.06.2018","95,06","94,97","95,30","94,92","","-0,02%"
"19.06.2018","95,08","94,63","95,30","94,53","","0,30%"
"18.06.2018","94,80","94,79","95,05","94,70","","0,01%"
"15.06.2018","94,79","94,91","95,13","94,65","","0,02%"
"14.06.2018","94,77","93,50","94,93","93,19","","1,13%"
"13.06.2018","93,71","93,83","94,03","93,52","","-0,10%"
"12.06.2018","93,80","93,67","93,91","93,47","","0,24%"
"11.06.2018","93,58","93,54","93,68","93,37","","0,03%"
"08.06.2018","93,55","93,44","93,82","93,39","","0,16%"
"07.06.2018","93,40","93,58","93,59","93,21","","-0,28%"
"06.06.2018","93,66","93,88","93,89","93,42","","-0,26%"
"05.06.2018","93,90","94,06","94,32","93,78","","-0,13%"
"04.06.2018","94,02","94,16","94,19","93,66","","-0,18%"
"01.06.2018","94,19","93,95","94,45","93,88","","0,22%"
"31.05.2018","93,98","94,07","94,25","93,72","","-0,18%"
"30.05.2018","94,15","94,82","94,97","94,04","","-0,72%"
"29.05.2018","94,83","94,41","95,03","94,28","","0,68%"
"28.05.2018","94,19","94,25","94,50","93,86","","0,00%"
"25.05.2018","94,19","93,80","94,30","93,75","","0,46%"
"24.05.2018","93,76","93,90","93,98","93,61","","-0,26%"
"23.05.2018","94,00","93,55","94,19","93,51","","0,42%"
"22.05.2018","93,61","93,54","93,73","93,29","","-0,07%"
"21.05.2018","93,68","93,69","94,06","93,51","","0,04%"
"18.05.2018","93,64","93,50","93,83","93,34","","0,18%"
"17.05.2018","93,47","93,26","93,56","93,12","","0,09%"
"16.05.2018","93,39","93,31","93,63","93,14","","0,18%"
"15.05.2018","93,22","92,65","93,46","92,61","","0,68%"
"14.05.2018","92,59","92,55","92,69","92,24","","0,05%"
"11.05.2018","92,54","92,69","92,84","92,37","","-0,12%"
"10.05.2018","92,65","93,08","93,16","92,54","","-0,42%"
"09.05.2018","93,04","93,05","93,42","92,84","","-0,09%"
"08.05.2018","93,12","92,73","93,28","92,65","","0,40%"
"07.05.2018","92,75","92,57","92,97","92,45","","0,19%"
"04.05.2018","92,57","92,43","92,90","92,35","","0,17%"
"03.05.2018","92,41","92,72","92,76","92,34","","-0,11%"
"02.05.2018","92,51","92,47","92,83","92,22","","0,06%"
"01.05.2018","92,45","91,81","92,57","91,80","","0,66%"
"30.04.2018","91,84","91,53","91,92","91,48","","0,33%"
"27.04.2018","91,54","91,56","91,99","91,49","","-0,02%"
"26.04.2018","91,56","91,21","91,64","90,96","","0,43%"
"25.04.2018","91,17","90,76","91,26","90,75","","0,44%"
"24.04.2018","90,77","90,92","91,08","90,71","","-0,20%"
"23.04.2018","90,95","90,35","90,98","90,32","","0,70%"
"20.04.2018","90,32","89,90","90,48","89,89","","0,42%"
"19.04.2018","89,94","89,62","89,95","89,50","","0,36%"
"18.04.2018","89,62","89,50","89,78","89,45","","0,11%"
"17.04.2018","89,52","89,41","89,67","89,23","","0,11%"
"16.04.2018","89,42","89,77","89,85","89,39","","-0,42%"
"13.04.2018","89,80","89,76","89,88","89,66","","0,06%"
"12.04.2018","89,75","89,52","89,96","89,44","","0,20%"
"11.04.2018","89,57","89,58","89,67","89,36","","-0,02%"
"10.04.2018","89,59","89,83","89,97","89,54","","-0,28%"
"09.04.2018","89,84","90,07","90,27","89,82","","-0,30%"
"06.04.2018","90,11","90,38","90,60","90,07","","-0,39%"
"05.04.2018","90,46","90,09","90,59","90,07","","0,36%"
"04.04.2018","90,14","90,16","90,23","89,92","","-0,07%"
"03.04.2018","90,20","90,02","90,28","89,85","","0,17%"
"02.04.2018","90,05","89,97","90,15","89,82","","0,09%"
"30.03.2018","89,97","90,10","90,12","89,88","","-0,20%"
"29.03.2018","90,15","90,11","90,18","89,90","","0,10%"
"28.03.2018","90,06","89,32","90,15","89,25","","0,82%"
"27.03.2018","89,33","89,02","89,63","88,94","","0,34%"
"26.03.2018","89,03","89,47","89,52","88,98","","-0,50%"
"23.03.2018","89,48","89,67","89,74","89,40","","-0,42%"
"22.03.2018","89,86","89,65","89,96","89,40","","0,09%"
"21.03.2018","89,78","90,41","90,40","89,63","","-0,65%"
"20.03.2018","90,37","89,88","90,44","89,85","","0,67%"
"19.03.2018","89,77","90,20","90,34","89,76","","-0,51%"
"16.03.2018","90,23","90,14","90,38","89,89","","0,10%"
"15.03.2018","90,14","89,75","90,17","89,62","","0,49%"
"14.03.2018","89,70","89,70","89,89","89,56","","0,04%"
"13.03.2018","89,66","89,91","90,11","89,59","","-0,26%"
"12.03.2018","89,89","90,11","90,19","89,84","","-0,22%"
"09.03.2018","90,09","90,20","90,36","90,00","","-0,10%"
"08.03.2018","90,18","89,59","90,23","89,44","","0,60%"
"07.03.2018","89,64","89,51","89,78","89,41","","0,02%"
"06.03.2018","89,62","89,96","90,06","89,43","","-0,51%"
"05.03.2018","90,08","89,83","90,22","89,83","","0,16%"
"02.03.2018","89,94","90,25","90,29","89,88","","-0,42%"
"01.03.2018","90,32","90,67","90,93","90,21","","-0,32%"
"28.02.2018","90,61","90,41","90,70","90,31","","0,28%"
"27.02.2018","90,36","89,80","90,50","89,69","","0,57%"
"26.02.2018","89,85","89,96","90,05","89,50","","-0,03%"
"23.02.2018","89,88","89,78","90,06","89,76","","0,16%"
"22.02.2018","89,74","90,16","90,23","89,64","","-0,29%"
"21.02.2018","90,00","89,71","90,16","89,59","","0,31%"
"20.02.2018","89,72","89,24","89,80","89,22","","0,70%"
"19.02.2018","89,10","89,10","89,44","88,95","","0,00%"
"16.02.2018","89,10","88,57","89,23","88,25","","0,58%"
"15.02.2018","88,59","88,96","89,00","88,54","","-0,59%"
"14.02.2018","89,12","89,69","90,12","88,94","","-0,65%"
"13.02.2018","89,70","90,09","90,18","89,61","","-0,57%"
"12.02.2018","90,21","90,35","90,43","90,07","","-0,25%"
"09.02.2018","90,44","90,25","90,56","90,12","","0,23%"
"08.02.2018","90,23","90,27","90,57","90,01","","-0,02%"
"07.02.2018","90,25","89,63","90,40","89,47","","0,75%"
"06.02.2018","89,58","89,66","90,03","89,37","","0,03%"
"05.02.2018","89,55","89,35","89,70","89,02","","0,40%"
"02.02.2018","89,19","88,64","89,42","88,59","","0,59%"
"01.02.2018","88,67","89,04","89,33","88,56","","-0,52%"
"31.01.2018","89,13","89,10","89,30","88,78","","-0,03%"
"30.01.2018","89,16","89,36","89,64","88,91","","-0,17%"
"29.01.2018","89,31","89,11","89,62","89,01","","0,27%"
"26.01.2018","89,07","89,40","89,40","88,72","","-0,36%"
"25.01.2018","89,39","89,32","89,58","88,44","","0,20%"
"24.01.2018","89,21","90,00","90,11","89,16","","-1,01%"
"23.01.2018","90,12","90,39","90,59","90,06","","-0,31%"
"22.01.2018","90,40","90,44","90,70","90,35","","-0,19%"
"19.01.2018","90,57","90,50","90,70","90,16","","0,08%"
"18.01.2018","90,50","90,78","90,98","90,41","","-0,04%"
"17.01.2018","90,54","90,41","91,00","90,11","","0,17%"
"16.01.2018","90,39","90,44","90,82","90,34","","-0,64%"
"15.01.2018","90,97","90,94","90,94","90,28","","0,00%"
"12.01.2018","90,97","91,85","91,88","90,90","","-0,96%"
"11.01.2018","91,85","92,33","92,55","91,79","","-0,52%"
"10.01.2018","92,33","92,57","92,57","91,92","","-0,22%"
"09.01.2018","92,53","92,34","92,64","92,21","","0,18%"
"08.01.2018","92,36","92,06","92,40","91,88","","0,45%"
"05.01.2018","91,95","91,87","92,10","91,78","","0,11%"
"04.01.2018","91,85","92,22","92,26","91,80","","-0,34%"
"03.01.2018","92,16","91,82","92,26","91,81","","0,32%"
"02.01.2018","91,87","92,24","92,25","91,75","","-0,41%"
"01.01.2018","92,25","92,29","92,32","92,18","","-0,04%"